Modelo,Tarefa,Acurácia,Precisão,Recall,F1-Score,AUC-ROC
Decision_Tree,binary,0.8070175438596491,0.8000997855671855,0.8070175438596491,0.8027449381021018,0.8566814322628276
MLP,binary,0.8128654970760234,0.8051332033788174,0.8128654970760234,0.8077945446366498,0.8599114064230343
Random_Forest,binary,0.8888888888888888,0.8857843137254902,0.8888888888888888,0.885305889079474,0.9252491694352158
Decision_Tree,multiclass,0.5146198830409356,0.5288400287100423,0.5146198830409356,0.5180996084653533,0.6997851042511227
MLP,multiclass,0.5029239766081871,0.5105582583910758,0.5029239766081871,0.5001645007207572,0.7353201711259466
Random_Forest,multiclass,0.5906432748538012,0.5622551524442173,0.5906432748538012,0.5627618558682174,0.7944475711155963
