Modelo,Tarefa,Acurácia,Precisão,Recall,F1-Score,AUC-ROC
Decision_Tree,binary,0.8187134502923976,0.8146750909908804,0.8187134502923976,0.8163981686869366,0.7703949796973053
MLP,binary,0.847953216374269,0.8410352121438349,0.847953216374269,0.8386614684860298,0.870985603543743
Random_Forest,binary,0.8830409356725146,0.8795971410006497,0.8830409356725146,0.8798715903979061,0.9138981173864894
Decision_Tree,multiclass,0.5087719298245614,0.4982341474601536,0.5087719298245614,0.4988927362265312,0.625065893696056
MLP,multiclass,0.5614035087719298,0.5717349642434533,0.5614035087719298,0.5618410979874028,0.7535420871500285
Random_Forest,multiclass,0.5847953216374269,0.5704708319721759,0.5847953216374269,0.5673487407226409,0.7800356656143801
